Secondary Categories,Primary Categories
Amateur Sports Team,Active Life
Amusement Parks,Active Life
Aquarium,Active Life
Archery,Active Life
Badminton,Active Life
Basketball Court,Active Life
Beach,Active Life
Bike Rental,Active Life
Boat,Active Life
Bowling,Active Life
Climb,Active Life
Disc Golf,Active Life
Diving,Active Life
Free Diving,Active Life
Scuba Diving,Active Life
Fishing,Active Life
Fitness Instruction,Active Life
Barre,Active Life
Boot Camp,Active Life
Boxing,Active Life
Dance,Active Life
Gyms,Active Life
Martial Arts,Active Life
Pilates,Active Life
Swimming,Active Life
Tai Chi,Active Life
Trainers,Active Life
Yoga,Active Life
Go Kart,Active Life
Golf,Active Life
Gun Rifle Range,Active Life
Gymnastic,Active Life
Hang Gliding,Active Life
Hiking,Active Life
Horse Racing,Active Life
Horseback Riding,Active Life
Hot Air Balloon,Active Life
Kiteboarding,Active Life
Lake,Active Life
Laser Tag,Active Life
Leisure Center,Active Life
Mini Golf,Active Life
Mountain Biking,Active Life
Paddleboarding,Active Life
Paintball,Active Life
Park,Active Life
Dog Park,Active Life
Skate Park,Active Life
Playground,Active Life
Rafting Kayaking,Active Life
Recreation Center,Active Life
Rock Climbing,Active Life
Skating Rink,Active Life
Skydiving,Active Life
Soccer,Active Life
Spin,Active Life
Sports,Active Life
Squash,Active Life
Summer Camp,Active Life
Surf,Active Life
Swimming Pool,Active Life
Tennis,Active Life
Trampoline Park,Active Life
Tubing,Active Life
Zoo,Active Life
Arcade,Arts Entertainment
Art Gallery Galleries,Arts Entertainment
Botanical Garden,Arts Entertainment
Casino,Arts Entertainment
Cinema,Arts Entertainment
Cultural Center,Arts Entertainment
Festival,Arts Entertainment
Jazz Blue,Arts Entertainment
Museum,Arts Entertainment
Music,Arts Entertainment
Opera Ballet,Arts Entertainment
Performing Art,Arts Entertainment
Professional Sports Team,Arts Entertainment
Psychics Astrologer,Arts Entertainment
Race Track,Arts Entertainment
Social Club,Arts Entertainment
Stadiums Arena,Arts Entertainment
Ticket Sale,Arts Entertainment
Wine,Arts Entertainment
Auto Detailing,Automotive
Auto Glass Service,Automotive
Auto Loan Provider,Automotive
Auto Parts Supplies Supply,Automotive
Auto Repair,Automotive
Boat Dealer,Automotive
Body Shop,Automotive
Car Dealer,Automotive
Car Stereo Installation,Automotive
Car Wash,Automotive
Gas Service Station,Automotive
Motorcycle Dealer,Automotive
Motorcycle Repair,Automotive
Oil Change Station,Automotive
Parking,Automotive
RV Dealer,Automotive
Smog Check Station,Automotive
Tire,Automotive
Tow,Automotive
Truck Rental,Automotive
Windshield Installation Repair,Automotive
Barber,Beauty Spas
Cosmetics Beauty Supply,Beauty Spas
Day Spa,Beauty Spas
Eyelash Service,Beauty Spas
Hair Extension,Beauty Spas
Hair Removal,Beauty Spas
Laser Hair Removal,Beauty Spas
Hair Salon,Beauty Spas
Blow Dry Out Service,Beauty Spas
Hair Extension,Beauty Spas
Hair Stylist,Beauty Spas
Men's Hair Salon,Beauty Spas
Makeup Artist,Beauty Spas
Massage,Beauty Spas
Medical Spa,Beauty Spas
Nail Salon,Beauty Spas
Permanent Makeup,Beauty Spas
Piercing,Beauty Spas
Rolfing Rolf,Beauty Spas
Skin care,Beauty Spas
Tanning Tan,Beauty Spas
Spray Tanning Tan,Beauty Spas
Tanning Bed Tan,Beauty Spas
Tattoo,Beauty Spas
Adult Education,Education
College Counseling,Education
Colleges Universities University,Education
Educational Service,Education
Elementary School,Education
Middle Schools High School,Education
Preschool,Education
Private Tutor,Education
Religious School,Education
Special Education,Education
Specialty School,Education
Art School,Education
CPR Class,Education
Cooking School,Education
Cosmetology School,Education
Dance School,Education
Driving School,Education
First Aid Class,Education
Flight Instruction,Education
Language School,Education
Massage School,Education
Swimming Lessons School,Education
Vocational Technical School,Education
Test Preparation,Education
Tutoring Center,Education
Bartender,Event Planning Services
Boat Charter,Event Planning Services
Cards Stationery,Event Planning Services
Caterer,Event Planning Services
Clown,Event Planning Services
DJ,Event Planning Services
Hotel,Event Planning Services
Magician,Event Planning Services
Musician,Event Planning Services
Officiant,Event Planning Services
Part Event Planning,Event Planning Services
Party Bus Rental,Event Planning Services
Party Equipment Rental,Event Planning Services
Party Supplies Supply,Event Planning Services
Personal Chef,Event Planning Services
Photographer,Event Planning Services
Event Photography,Event Planning Services
Session Photography,Event Planning Services
Venues Event Space,Event Planning Services
Videographer,Event Planning Services
Wedding Planning,Event Planning Services
Banks Credit Union,Financial Services
Check Cashing Pay-day Loan,Financial Services
Financial Advising,Financial Services
Insurance,Financial Services
Investing Invest,Financial Services
Tax Service,Financial Services
Bagel,Food
Bakeries Bakery,Food
Beer Wine Spirit,Food
Breweries Spirit,Food
Bubble Tea,Food
Butcher,Food
CSA,Food
Coffee Tea,Food
Convenience Store,Food
Dessert,Food
Do-It-Yourself Food DIY,Food
Donut,Food
Farmers Market,Food
Food Delivery Service,Food
Food Truck,Food
Gelato,Food
Grocery,Food
Ice Cream Frozen Yogurt,Food
Internet Café,Food
Juice Bars Smoothie,Food
Pretzel,Food
Shaved Ice,Food
Specialty Food,Food
Candy Store,Food
Cheese Shop,Food
Chocolatiers Shop,Food
Ethnic Food,Food
Fruits Veggies Veggie,Food
Health Market,Food
Herbs Spice,Food
Meat Shop,Food
Seafood Market,Food
Street Vendor,Food
Tea Room,Food
Wineries Wine,Food
Acupuncture,Health Medical
Cannabis Clinic,Health Medical
Chiropractor,Health Medical
Counseling Mental Health,Health Medical
Dentist,Health Medical
Cosmetic Dentist,Health Medical
Endodontist,Health Medical
General Dentistry,Health Medical
Oral Surgeon,Health Medical
Orthodontist,Health Medical
Pediatric Dentist,Health Medical
Periodontist,Health Medical
Diagnostic Service,Health Medical
Diagnostic Imaging,Health Medical
Laboratory Testing,Health Medical
Doctor,Health Medical
Allergist,Health Medical
Anesthesiologist,Health Medical
Audiologist,Health Medical
Cardiologists,Health Medical
Cosmetic Surgeon,Health Medical
Dermatologist,Health Medical
Ear Nose Throat,Health Medical
Family Practice,Health Medical
Fertility,Health Medical
Gastroenterologist,Health Medical
Gerontologist,Health Medical
Internal Medicine,Health Medical
Naturopathic Holistic,Health Medical
Neurologist,Health Medical
Obstretricians Gynecologist,Health Medical
Oncologist,Health Medical
Ophthalmologist,Health Medical
Orthopedist,Health Medical
Osteopathic Physician,Health Medical
Pediatrician,Health Medical
Podiatrist,Health Medical
Proctologist,Health Medical
Psychiatrist,Health Medical
Pulmonologist,Health Medical
Sports Medicine,Health Medical
Tattoo Removal,Health Medical
Urologist,Health Medical
Hearing Aid Provider,Health Medical
Home Health Care,Health Medical
Hospice,Health Medical
Hospital,Health Medical
Lactation Service,Health Medical
Laser Eye Surgery Lasik,Health Medical
Massage Therapy,Health Medical
Medical Center,Health Medical
Medical Spa,Health Medical
Medical Transportation,Health Medical
Midwive,Health Medical
Nutritionist,Health Medical
Occupational Therapy,Health Medical
Optometrist,Health Medical
Physical Therapy,Health Medical
Reflexology,Health Medical
Rehabilitation Center,Health Medical
Retirement Home,Health Medical
Speech Therapist,Health Medical
Traditional Chinese Medicine TXCM,Health Medical
Urgent Care,Health Medical
Weight Loss Center,Health Medical
Building Supplies Supply,Home Services
Carpet Installation,Home Services
Carpeting,Home Services
Contractor,Home Services
Damage Restoration,Home Services
Electrician,Home Services
Flooring,Home Services
Garage Door Service,Home Services
Gardener,Home Services
Handyman,Home Services
Heating Air Conditioning HVAC,Home Services
Home Cleaning,Home Services
Home Inspector,Home Services
Home Organization,Home Services
Home Theatre Installation,Home Services
Home Window Tinting,Home Services
Interior Design,Home Services
Internet Service Provider,Home Services
Irrigation,Home Services
Keys Locksmith,Home Services
Landscape Architect,Home Services
Landscaping Landscape,Home Services
Lighting Fixtures Equipment,Home Services
Masonry Concrete,Home Services
Mover,Home Services
Painter,Home Services
Plumbing,Home Services
Pool Cleaner,Home Services
Real Estate,Home Services
Apartment,Home Services
Commercial Real Estate,Home Services
Home Staging,Home Services
Mortgage Broker,Home Services
Property Management,Home Services
Real Estate Agent,Home Services
Real Estate Service,Home Services
Shared Office Space,Home Services
University Housing,Home Services
Roofing,Home Services
Security System,Home Services
Shades Blind,Home Services
Solar Installation,Home Services
Television Service Prviders,Home Services
Tree Service,Home Services
Utilities Utility,Home Services
Window Washing,Home Services
Windows Installation,Home Services
Airport,Hotels Travel
Bed Breakfast,Hotels Travel
Campground,Hotels Travel
Car Rental,Hotels Travel
Guest House,Hotels Travel
Hostel,Hotels Travel
Hotel,Hotels Travel
Motorcycle Rental,Hotels Travel
RV Park,Hotels Travel
RV Rental,Hotels Travel
Resort,Hotels Travel
Ski Resort,Hotels Travel
Tour,Hotels Travel
Train Station,Hotels Travel
Transportation,Hotels Travel
Airline,Hotels Travel
Airport Shuttle,Hotels Travel
Limo,Hotels Travel
Public Transportation,Hotels Travel
Taxi,Hotels Travel
Travel Service,Hotels Travel
Vacation Rental Agent,Hotels Travel
Vacation Rental,Hotels Travel
Appliances Repair,Local Services
Bail Bondsmen,Local Services
Bike Repair Maintenance,Local Services
Carpet Cleaning,Local Services
Child Care Day Care,Local Services
Community Service Non-Profit,Local Services
Couriers Delivery Service,Local Services
Dry Cleaning Laundry,Local Services
Electronics Repair,Local Services
Funeral Services Cemeteries Cemetery,Local Services
Furniture Reupholstery,Local Services
IT Services Computer Repair,Local Services
Data Recovery,Local Services
Mobile Phone Repair,Local Services
Jewelry Repair,Local Services
Junk Removal Hauling,Local Services
Nanny Service,Local Services
Notaries Notary,Local Services
Pest Control,Local Services
Printing Service,Local Services
Recording Rehearsal Studio,Local Services
Recycling Center,Local Services
Screen Printing,Local Services
Screen Printing T-Shirt Printing,Local Services
Self Storage,Local Services
Sewing Alteration,Local Services
Shipping Center,Local Services
Shoe Repair,Local Services
Snow Removal,Local Services
Watch Repair,Local Services
Print Media,Mass Media
Radio Stations,Mass Media
Television Stations,Mass Media
Adult Entertainment,Nightlife
Bar,Nightlife
Champagne Bar,Nightlife
Cocktail Bar,Nightlife
Dive Bar,Nightlife
Gay Bar,Nightlife
Hookah Bar,Nightlife
Lounge,Nightlife
Pub,Nightlife
Sports Bar,Nightlife
Wine Bar,Nightlife
Comedy Club,Nightlife
Country Dance Hall,Nightlife
Dance Club,Nightlife
Jazz Blues,Nightlife
Karaoke,Nightlife
Music Venue,Nightlife
Piano Bar,Nightlife
Animal Shelter,Pets
Horse Boarding,Pets
Pet Service,Pets
Dog Walker,Pets
Pet Boarding Pet Sitting,Pets
Pet Groomer,Pets
Pet Training,Pets
Pet Store,Pets
Veterinarian,Pets
Accountant,Professional Services
Advertising,Professional Services
Architect,Professional Services
Boat Repair,Professional Services
Career Counseling,Professional Services
Editorial Services,Professional Services
Employment Agencies Agency,Professional Services
Graphic Design,Professional Services
Internet Service Provider,Professional Services
Lawyer,Professional Services
Bankruptcy Law,Professional Services
Business Law,Professional Services
Criminal Defense Law,Professional Services
DUI Law,Professional Services
Divorce Family Law,Professional Services
Employment Law,Professional Services
Estate Planning Law,Professional Services
General Litigation,Professional Services
Immigration Law,Professional Services
Personal Injury Law,Professional Services
Real Estate Law,Professional Services
Legal Service,Professional Services
Life Coach,Professional Services
Marketing,Professional Services
Matchmaker,Professional Services
Office Cleaning,Professional Services
Payroll Service,Professional Services
Personal Assistant,Professional Services
Private Investigation,Professional Services
Public Relation,Professional Services
Talent Agencies Agency,Professional Services
Taxidermy,Professional Services
Translation Service,Professional Services
Video Film Production,Professional Services
Web Design,Professional Services
Courthouse,Public Services Government
Departments of Motor Vehicles DMV,Public Services Government
Embassy,Public Services Government
Fire Department,Public Services Government
Landmarks Historical Building,Public Services Government
Libraries Library,Public Services Government
Police Department,Public Services Government
Post Office,Public Services Government
Apartment,Real Estate
Commercial Real Estate,Real Estate
Home Staging,Real Estate
Mortgage Brokes,Real Estate
Property Management,Real Estate
Real Estate Agent,Real Estate
Real Estate Service,Real Estate
Shared Office Space,Real Estate
University Housing,Real Estate
Buddhist Temple,Religious Organizations
Church,Religious Organizations
Hindu Temple,Religious Organizations
Mosque,Religious Organizations
Synagogue,Religious Organizations
Afghan,Restaurants
African,Restaurants
Senegalese,Restaurants
South African,Restaurants
American,Restaurants
American Traditional,Restaurants
Arabian,Restaurants
Argentine,Restaurants
Armenian,Restaurants
Asian Fusion,Restaurants
Australian,Restaurants
Austrian,Restaurants
Bangladeshi,Restaurants
Barbeque,Restaurants
Basque,Restaurants
Belgian,Restaurants
Brasseries,Restaurants
Brazilian,Restaurants
Breakfast Brunch,Restaurants
British,Restaurants
Buffets,Restaurants
Burgers,Restaurants
Burmese,Restaurants
Cafes,Restaurants
Cafeteria,Restaurants
Cajun Creole,Restaurants
Cambodian,Restaurants
Caribbean,Restaurants
Dominican,Restaurants
Haitian,Restaurants
Puerto Rican,Restaurants
Trinidadian,Restaurants
Catalan,Restaurants
Cheesesteaks,Restaurants
Chicken Wings,Restaurants
Chinese,Restaurants
Cantonese,Restaurants
Dim Sum,Restaurants
Shanghainese,Restaurants
Szechuan,Restaurants
Comfort Food,Restaurants
Creperies,Restaurants
Cuban,Restaurants
Czech,Restaurants
Delis,Restaurants
Diners,Restaurants
Ethiopian,Restaurants
Fast Food,Restaurants
Filipino,Restaurants
Fish Chips,Restaurants
Fondue,Restaurants
Food Court,Restaurants
Food Stands,Restaurants
French,Restaurants
Gastropubs,Restaurants
German,Restaurants
Gluten-Free,Restaurants
Greek,Restaurants
Halal,Restaurants
Hawaiian,Restaurants
Himalayan Nepalese,Restaurants
Hot Dogs,Restaurants
Hot Pot,Restaurants
Hungarian,Restaurants
Iberian,Restaurants
Indian,Restaurants
Indonesian,Restaurants
Irish,Restaurants
Italian,Restaurants
Japanese,Restaurants
Korean,Restaurants
Kosher,Restaurants
Laotian,Restaurants
Latin American,Restaurants
Columbian,Restaurants
Salvadoran,Restaurants
Venezuelan,Restaurants
Live Raw Food,Restaurants
Malaysian,Restaurants
Meditteranean,Restaurants
Mexican,Restaurants
Middle Eastern,Restaurants
Egyptian,Restaurants
Lebanese,Restaurants
Modern European,Restaurants
Mongolian,Restaurants
Pakistani,Restaurants
Persian Iranian,Restaurants
Peruvian,Restaurants
Pizza,Restaurants
Polish,Restaurants
Portuguese,Restaurants
Russian,Restaurants
Salad,Restaurants
Sandwiches,Restaurants
Scandinavian,Restaurants
Scottish,Restaurants
Seafood,Restaurants
Singaporean,Restaurants
Slovakian,Restaurants
Soul Food,Restaurants
Soup,Restaurants
Southern,Restaurants
Spanish,Restaurants
Steakhouses,Restaurants
Sushi Bars,Restaurants
Taiwanese,Restaurants
Tapas Bars,Restaurants
Tapas Small Plates,Restaurants
Tex-Mex,Restaurants
Thai,Restaurants
Turkish,Restaurants
Ukranian,Restaurants
Vegan,Restaurants
Vegetarian,Restaurants
Vietnamese,Restaurants
Adult,Shopping
Antiques,Shopping
Art Galleries Gallery,Shopping
Arts Crafts,Shopping
Art Supplies,Shopping
Cards Stationery,Shopping
Costumes,Shopping
Fabric Store,Shopping
Framing,Shopping
Auction House,Shopping
Baby Gear Furniture,Shopping
Bespoke Clothing,Shopping
"Books, Mags, Music Video",Shopping
Bookstore,Shopping
Comic Book,Shopping
Music DVD,Shopping
Newspapers Magazine,Shopping
Videos Video Game Rental,Shopping
Vinyl Record,Shopping
Bridal,Shopping
Computer,Shopping
Cosmetics Beauty Supply,Shopping
Department Store,Shopping
Discount Store,Shopping
Drugstore,Shopping
Electronics Repair,Shopping
Eyewear Optician,Shopping
Fashion,Shopping
Accessories Accessory,Shopping
Children Clothing,Shopping
Department Store,Shopping
Formal Wear,Shopping
Hat,Shopping
Leather Good,Shopping
Lingerie,Shopping
Maternity Wear,Shopping
Men's Clothing,Shopping
Plus Size Fashion,Shopping
Shoe Store,Shopping
Sports Wear,Shopping
Surf Shop,Shopping
Swimwear,Shopping
"Used, Vintage Consignment",Shopping
Women's Clothing,Shopping
Firework,Shopping
Flea Market,Shopping
Flowers Gift,Shopping
Cards Stationery,Shopping
Florist,Shopping
Gift Shop,Shopping
Golf Equipment Shop,Shopping
Guns Ammo,Shopping
Hobby Shop,Shopping
Home Garden,Shopping
Appliance,Shopping
Furniture Store,Shopping
Hardware Store,Shopping
Home Decor,Shopping
Hot Tub Pool,Shopping
Kitchen Bath,Shopping
Mattress,Shopping
Nurseries Gardening Nursery,Shopping
Jewelry,Shopping
Knitting Supplies Supply,Shopping
Luggage,Shopping
Medical Supplies Supply,Shopping
Mobile Phone,Shopping
Motorcycle Gear,Shopping
Musical Instruments Teacher,Shopping
Office Equipment,Shopping
Outlet Store,Shopping
Pawn Shop,Shopping
Personal Shopping,Shopping
Photography Stores Service,Shopping
Pool Billiard,Shopping
Pop-up Shop,Shopping
Shopping Center,Shopping
Sporting Good,Shopping
Bike,Shopping
Golf Equipment,Shopping
Outdoor Gear,Shopping
Sports Wear,Shopping
Thrift Store,Shopping
Tobacco Shop,Shopping
Toy Store,Shopping
Trophy Shop,Shopping
Uniform,Shopping
Watch,Shopping
Wholesale Store,Shopping
Wig,Shopping